,Name,Max Eproj,Projected_Efields V/Angstrom,Bonded Atoms,Bonded Indices,Bond Lengths
0,/home/manets12/DavidMimichrome/ABAJOD,0.38576417714301436,"[-0.38576417714301436, 0.33732706410285035]","[('H', 'C'), ('C', 'H')]","[(1, 2), (5, 6)]","[3.922314203298864, 1.0795831407075596]"
1,/home/manets12/DavidMimichrome/CAXFOX,0.04182276013240291,"[0.040338759951037945, 0.04182276013240291]","[('H', 'H'), ('C', 'C')]","[(1, 4), (7, 8)]","[2.4571017656987664, 1.4381158195708703]"
